time,latitude,longitude,altitude,utm_easting,utm_northing,zone,letter,hdop
1789951759.0,47.62047166666666,-122.33885000000001,13.8,549679.3576570288,5274330.365695116,10,T,0.99
1789951760.0,47.620476666666676,-122.33883499999999,12.4,549680.48002792,5274330.930992101,10,T,0.99
1789951761.0,47.62047833333333,-122.33882999999999,11.8,549680.8541515036,5274331.119424477,10,T,0.99
1789951762.0,47.62046166666667,-122.33881666666666,10.0,549681.8718155331,5274329.275668563,10,T,0.99
1789951763.0,47.620476666666676,-122.338825,8.5,549681.231433114,5274330.937397555,10,T,0.99
1789951764.0,47.62048166666667,-122.33883666666667,10.7,549680.3500567216,5274331.485613517,10,T,0.99
1789951765.0,47.620486666666665,-122.33884666666667,13.1,549679.5939146724,5274332.034897158,10,T,0.99
1789951766.0,47.620475000000006,-122.33886,15.8,549678.6030938758,5274330.729749227,10,T,0.99
1789951767.0,47.62045166666667,-122.33887166666666,19.5,549677.7485592677,5274328.129061354,10,T,0.99
1789951768.0,47.620435,-122.33889666666667,28.3,549675.8858339344,5274326.260752427,10,T,0.99
1789951769.0,47.620423333333335,-122.33890000000001,31.4,549675.646417264,5274324.962009881,10,T,0.99
1789951770.0,47.62040999999999,-122.33889833333333,32.7,549675.7842823935,5274323.481240071,10,T,0.99
1789951771.0,47.62040166666667,-122.33889166666668,33.8,549676.2931141569,5274322.559361663,10,T,0.99
1789951772.0,47.62039,-122.33888999999999,35.9,549676.4294006273,5274321.26382153,10,T,0.99
1789951773.0,47.620374999999996,-122.33889833333333,40.8,549675.8174382403,5274319.5914172465,10,T,0.99
1789951774.0,47.62036499999999,-122.33889666666667,41.1,549675.9521458031,5274318.481106767,10,T,0.99
1789951775.0,47.620345,-122.33891666666665,45.3,549674.4682778737,5274316.245541452,10,T,0.99
1789951776.0,47.62033666666666,-122.33893833333335,46.1,549672.8481229554,5274315.305516724,10,T,0.99
1789951777.0,47.62032666666667,-122.33897833333334,48.8,549669.8519660868,5274314.168521928,10,T,0.99
1789951778.0,47.62031833333334,-122.33898833333333,50.3,549669.1084519066,5274313.235969674,10,T,0.99
1789951779.0,47.62029833333333,-122.33900999999999,53.2,549667.4993453692,5274310.999338859,10,T,0.99
1789951780.0,47.620295000000006,-122.33902333333332,54.5,549666.5006254633,5274310.620341348,10,T,0.99
1789951781.0,47.620290000000004,-122.339035,55.2,549665.6287185913,5274310.057181599,10,T,0.99
1789951782.0,47.620283333333326,-122.33904499999998,56.2,549664.8836247068,5274309.3098595515,10,T,0.99
1789951783.0,47.62027500000001,-122.33904166666667,56.9,549665.1419865511,5274308.385845741,10,T,0.99
1789951784.0,47.62026833333333,-122.33904166666667,57.6,549665.1483005689,5274307.64492712,10,T,0.99
1789951785.0,47.62025833333334,-122.33904166666667,58.4,549665.1577715942,5274306.533549194,10,T,0.99
1789951786.0,47.620243333333335,-122.33904666666668,59.3,549664.7962738591,5274304.863280612,10,T,0.99
1789951787.0,47.62023166666666,-122.33904333333334,60.2,549665.0577928704,5274303.568807494,10,T,0.99
1789951788.0,47.620218333333334,-122.33904166666667,60.7,549665.1956556805,5274302.088037499,10,T,0.99
1789951789.0,47.62021,-122.33905166666666,61.4,549664.4521391769,5274301.155485872,10,T,0.99
1789951790.0,47.62020333333333,-122.33905833333334,61.8,549663.9575136818,5274300.410298407,10,T,0.99
1789951791.0,47.620194999999995,-122.33906999999999,62.2,549663.0887618905,5274299.4766797535,10,T,0.99
1789951792.0,47.62018833333333,-122.339075,62.5,549662.7193709629,5274298.732559589,10,T,0.99
1789951793.0,47.62017833333333,-122.33908000000001,62.8,549662.3531367602,5274297.617980144,10,T,0.99
1789951794.0,47.62017000000001,-122.33908666666666,63.1,549661.8600890867,5274296.687563214,10,T,0.99
1789951795.0,47.62016333333333,-122.33909,63.3,549661.6159327654,5274295.944510287,10,T,0.99
1789951796.0,47.620160000000006,-122.33909333333334,63.8,549661.3686196252,5274295.571916676,10,T,0.99
1789951797.0,47.62014333333333,-122.33909666666665,64.1,549661.1339334168,5274293.717485865,10,T,0.99
1789951798.0,47.62013,-122.33909166666666,64.5,549661.5222654549,5274292.238850109,10,T,0.99
1789951799.0,47.62012166666667,-122.33908833333335,64.8,549661.7806274551,5274291.314836171,10,T,0.99
1789951800.0,47.62011833333333,-122.33908166666667,65.2,549662.2847244564,5274290.94864553,10,T,0.99
1789951801.0,47.62011333333333,-122.33907666666667,65.5,549662.6651648752,5274290.396158105,10,T,0.99
1789951802.0,47.6201,-122.33906166666665,66.1,549663.804908103,5274288.923925624,10,T,0.99
1789951803.0,47.62008333333333,-122.33905833333334,66.4,549664.0711629005,5274287.073763544,10,T,0.99
1789951804.0,47.620071666666675,-122.33905333333333,66.7,549664.4579176208,5274285.78035764,10,T,0.99
1789951805.0,47.62005333333333,-122.339035,67.3,549665.8528681217,5274283.754571053,10,T,0.99
1789951806.0,47.62003,-122.33901499999999,67.9,549667.3777905221,5274281.174163136,10,T,0.99
1789951807.0,47.62000333333334,-122.33897666666665,69.5,549670.2834601003,5274278.235036911,10,T,0.99
1789951808.0,47.619968333333325,-122.33894833333333,70.7,549672.4456138297,5274274.363359533,10,T,0.99
1789951809.0,47.61993833333333,-122.33890833333335,71.7,549675.4796824179,5274271.054843984,10,T,0.99
1789951810.0,47.619930000000004,-122.33890666666666,72.1,549675.6128119975,5274270.129763219,10,T,0.99
1789951811.0,47.61992,-122.33890500000001,72.5,549675.747520432,5274269.019452814,10,T,0.99
1789951812.0,47.61990833333333,-122.33889333333333,73.1,549676.6352210835,5274267.730317573,10,T,0.99
1789951813.0,47.61990000000001,-122.33888833333334,73.6,549677.0188220579,5274266.8073718,10,T,0.99
1789951814.0,47.619891666666675,-122.33888333333334,74.0,549677.4024231543,5274265.884426051,10,T,0.99
1789951815.0,47.619875,-122.33887333333332,74.6,549678.1696257003,5274264.038534629,10,T,0.99
1789951816.0,47.61986166666667,-122.33886833333332,74.7,549678.557963874,5274262.559900034,10,T,0.99
1789951817.0,47.61983,-122.33885666666666,74.9,549679.4646133247,5274259.048009537,10,T,0.99
1789951818.0,47.61977,-122.33870166666665,76.0,549691.1683924347,5274252.479034929,10,T,0.99
1789951819.0,47.619735000000006,-122.338645,76.6,549695.4595807883,5274248.625518813,10,T,0.99
1789951820.0,47.61968166666667,-122.33860666666666,77.4,549698.3905530312,5274242.7227323605,10,T,0.99
1789951821.0,47.61963666666667,-122.33859,77.8,549699.6855623306,5274237.732211773,10,T,0.99
1789951822.0,47.619608333333325,-122.33857833333334,77.8,549700.5890688703,5274234.590783846,10,T,0.99
1789951823.0,47.61959166666667,-122.33857833333334,77.8,549700.60486481,5274232.738487528,10,T,0.99
1789951824.0,47.61957333333333,-122.33857000000002,77.8,549701.2484221192,5274230.706301543,10,T,0.99
1789951825.0,47.61955833333333,-122.33855999999999,77.4,549702.0140569906,5274229.045642907,10,T,1.1
1789951826.0,47.61954833333333,-122.33854333333332,76.2,549703.2758989672,5274227.944945408,10,T,0.96
1789951827.0,47.619545,-122.33852833333334,73.9,549704.4061861293,5274227.584098635,10,T,1.1
1789951828.0,47.619535,-122.33851000000001,72.0,549705.7932653241,5274226.484469746,10,T,1.1
1789951829.0,47.619535,-122.33849833333333,69.4,549706.6699204567,5274226.491946482,10,T,0.96
1789951830.0,47.61952333333333,-122.33848833333334,68.3,549707.4323977904,5274225.201747812,10,T,0.96
1789951831.0,47.619510000000005,-122.33847666666666,67.0,549708.321691797,5274223.727387763,10,T,0.96
1789951832.0,47.619515,-122.33846333333334,64.1,549709.318844254,5274224.291621931,10,T,0.96
1789951833.0,47.619508333333336,-122.33846166666666,63.2,549709.4504002299,5274223.551771589,10,T,0.96
1789951834.0,47.619505,-122.33846666666668,61.9,549709.0778504137,5274223.178107822,10,T,0.96
1789951835.0,47.61950166666667,-122.33846999999999,61.0,549708.8305370777,5274222.805512241,10,T,0.96
1789951836.0,47.61949,-122.33846666666668,60.5,549709.0920691364,5274221.511041169,10,T,0.96
1789951837.0,47.61949,-122.33846999999999,59.7,549708.8415960282,5274221.508904843,10,T,1.15
1789951838.0,47.61948,-122.33846166666666,59.4,549709.4772580187,5274220.402867911,10,T,0.96
1789951839.0,47.61946666666666,-122.33845333333332,59.0,549710.1160800286,5274218.926371794,10,T,0.96
1789951840.0,47.61945333333333,-122.33845000000001,58.6,549710.3791924235,5274217.446671159,10,T,0.96
1789951841.0,47.61943666666666,-122.33845000000001,58.2,549710.394991389,5274215.594374893,10,T,0.96
1789951842.0,47.61942333333333,-122.33845666666666,57.8,549709.9066837033,5274214.108265135,10,T,1.15
1789951843.0,47.619415,-122.338465,57.7,549709.2883994314,5274213.176776129,10,T,0.96
1789951844.0,47.61941166666667,-122.33846833333334,57.6,549709.041085667,5274212.804180547,10,T,0.96
1789951845.0,47.61940833333333,-122.33847833333333,57.5,549708.292824872,5274212.427312364,10,T,0.96
1789951846.0,47.61941166666667,-122.33849000000001,57.2,549707.4130080219,5274212.79029465,10,T,0.96
1789951847.0,47.61940833333333,-122.33850333333334,56.3,549706.4142736227,5274212.4112904575,10,T,1.15
1789951848.0,47.61940333333334,-122.33852666666668,55.5,549704.6656982593,5274211.840648349,10,T,1.15
1789951849.0,47.619396666666674,-122.33854500000001,55.0,549703.2944125502,5274211.08798125,10,T,0.96
1789951850.0,47.61938833333333,-122.33855833333334,54.4,549702.3004165093,5274210.153288892,10,T,0.96
1789951851.0,47.61938,-122.33856666666667,54.1,549701.6821306016,5274209.22180071,10,T,0.96
1789951852.0,47.619373333333336,-122.33858166666666,53.8,549700.5613175639,5274208.471270277,10,T,0.96
1789951853.0,47.61936333333333,-122.33859166666667,53.6,549699.8193738976,5274207.353484695,10,T,0.96
1789951854.0,47.61935333333333,-122.338605,53.2,549698.8269561816,5274206.233563321,10,T,0.96
1789951855.0,47.619341666666664,-122.33861999999999,53.1,549697.7108806646,5274204.9273445755,10,T,0.96
1789951856.0,47.61933333333333,-122.33863666666666,52.8,549696.4664088098,5274203.990517405,10,T,1.15
1789951857.0,47.619328333333335,-122.33864999999999,52.7,549695.4692516227,5274203.426285486,10,T,0.96
1789951858.0,47.61932166666667,-122.33865499999999,52.5,549695.0998584125,5274202.682163394,10,T,0.96
1789951859.0,47.61931500000001,-122.33866666666667,52.4,549694.2295172142,5274201.933769933,10,T,0.96
1789951860.0,47.619305000000004,-122.338675,52.4,549693.6128084823,5274200.81705301,10,T,0.96
1789951861.0,47.619294999999994,-122.33868333333334,52.2,549692.9960995098,5274199.700336156,10,T,1.15
1789951862.0,47.619285000000005,-122.338695,52.2,549692.1289162065,5274198.581483774,10,T,0.96
1789951863.0,47.61927333333333,-122.33870499999999,52.2,549691.3885489204,5274197.278469681,10,T,0.96
1789951864.0,47.61926666666667,-122.33871333333333,52.3,549690.7686806087,5274196.532212319,10,T,0.96
1789951865.0,47.619260000000004,-122.33872333333332,52.5,549690.0235750331,5274195.784887272,10,T,0.96
1789951866.0,47.619249999999994,-122.338735,52.6,549689.1563905636,5274194.666035343,10,T,1.15
1789951867.0,47.61924166666666,-122.33874833333333,52.7,549688.1623894293,5274193.731345457,10,T,1.15
1789951868.0,47.61923166666667,-122.33876333333335,52.8,549687.0447299484,5274192.610358437,10,T,0.96
1789951869.0,47.61921833333334,-122.33877166666667,52.9,549686.4311770673,5274191.123183068,10,T,0.96
1789951870.0,47.61920666666666,-122.33878666666666,53.0,549685.3150958349,5274189.816966765,10,T,0.96
1789951871.0,47.61919666666666,-122.33879666666665,53.2,549684.5731468162,5274188.699183196,10,T,0.96
1789951872.0,47.619185,-122.33880666666667,53.3,549683.8327765457,5274187.396170104,10,T,0.96
1789951873.0,47.619175,-122.33882333333334,53.4,549682.5898776918,5274186.274116344,10,T,0.96
1789951874.0,47.61916333333333,-122.33883499999999,53.6,549681.7242693274,5274184.970035941,10,T,0.96
1789951875.0,47.619159999999994,-122.33882999999999,53.9,549682.1031393001,5274184.60277943,10,T,0.96
1789951876.0,47.619159999999994,-122.33880166666668,54.2,549684.2321741411,5274184.620928683,10,T,0.96
1789951877.0,47.619150000000005,-122.33876000000001,54.4,549687.3725826286,5274183.536242465,10,T,0.96
1789951878.0,47.61914166666667,-122.33875833333335,54.7,549687.5057157581,5274182.61116207,10,T,0.96
1789951879.0,47.61913500000001,-122.33875666666667,54.9,549687.6372697719,5274181.871311298,10,T,0.96
1789951880.0,47.61912833333334,-122.33876333333335,55.2,549687.1426367186,5274181.126122055,10,T,0.96
1789951881.0,47.61912166666666,-122.33876333333335,55.4,549687.1489532788,5274180.385203583,10,T,0.96
1789951882.0,47.619105000000005,-122.33876000000001,55.5,549687.4152196269,5274178.535042796,10,T,0.96
1789951883.0,47.619085,-122.338765,55.7,549687.0584568258,5274176.309084332,10,T,0.96
1789951884.0,47.619069999999994,-122.33876333333335,55.9,549687.1979065975,5274174.643085475,10,T,0.96
1789951885.0,47.61905,-122.33877,56.1,549686.7159058339,5274172.416059363,10,T,0.96
1789951886.0,47.619035000000004,-122.33878833333334,56.5,549685.3525038663,5274170.73724854,10,T,0.96
1789951887.0,47.61901666666666,-122.33879666666665,56.8,549684.743685294,5274168.694384576,10,T,0.96
1789951888.0,47.61899666666667,-122.33880166666668,57.0,549684.3869207781,5274166.468426323,10,T,0.96
1789951889.0,47.61897833333334,-122.33881166666667,57.3,549683.652863608,5274164.424494868,10,T,0.96
1789951890.0,47.61896,-122.33882666666665,57.7,549682.5430924451,5274162.377360745,10,T,0.96
1789951891.0,47.61894166666666,-122.33883333333333,58.0,549682.0595098094,5274160.33556469,10,T,0.96
1789951892.0,47.618923333333335,-122.33884166666667,58.4,549681.4506889116,5274158.292701121,10,T,0.96
1789951893.0,47.61890666666667,-122.33885000000001,58.8,549680.8402886434,5274156.435067235,10,T,0.96
1789951894.0,47.618895,-122.33886499999998,59.1,549679.7241993449,5274155.128852131,10,T,0.96
1789951895.0,47.61888166666666,-122.33888,59.5,549678.6096883959,5274153.637407636,10,T,0.96
1789951896.0,47.61886833333333,-122.33888999999999,59.9,549677.8708909937,5274152.149165805,10,T,0.96
1789951897.0,47.618855,-122.33890166666667,60.3,549677.0068551312,5274150.659856606,10,T,0.96
1789951898.0,47.61884833333333,-122.33891666666665,60.7,549675.8860275499,5274149.90933109,10,T,0.96
1789951899.0,47.61884,-122.33893166666667,61.1,549674.7667784059,5274148.973576183,10,T,0.96
1789951900.0,47.618835000000004,-122.33892666666667,61.1,549675.1472289584,5274148.421089621,10,T,0.96
1789951901.0,47.61882833333334,-122.338915,60.9,549676.030210882,5274147.687643231,10,T,0.96
1789951902.0,47.61881333333334,-122.33890000000001,61.0,549677.1715633612,5274146.030183864,10,T,0.96
1789951903.0,47.618805,-122.33888999999999,60.9,549677.9308865415,5274145.110440684,10,T,0.96
1789951904.0,47.618795,-122.33888833333334,60.9,549678.0655977301,5274144.000130525,10,T,0.96
1789951905.0,47.618784999999995,-122.33888,61.0,549678.701261928,5274142.894090352,10,T,0.96
1789951906.0,47.61877,-122.33887666666666,60.8,549678.9659481524,5274141.229158902,10,T,0.96
1789951907.0,47.61876166666666,-122.338875,60.8,549679.099080748,5274140.304078377,10,T,0.96
1789951908.0,47.61875333333334,-122.33887333333332,60.7,549679.2322133845,5274139.37899786,10,T,0.96
1789951909.0,47.61873833333334,-122.33887166666666,60.7,549679.371661544,5274137.71299892,10,T,0.96
1789951910.0,47.618730000000006,-122.338855,60.6,549680.6319396098,5274136.797526173,10,T,0.96
1789951911.0,47.61872833333334,-122.33875333333332,60.0,549688.2730593808,5274136.677421596,10,T,0.96
1789951912.0,47.61872666666667,-122.33865499999999,59.6,549695.6637028663,5274136.555191299,10,T,0.96
1789951913.0,47.61872666666667,-122.33860833333334,59.4,549699.170377459,5274136.585092553,10,T,0.96
1789951914.0,47.618725,-122.33859166666667,59.1,549700.4243407814,5274136.410542479,10,T,0.96
1789951915.0,47.61872333333334,-122.33858333333335,59.3,549701.0521122522,5274136.230652743,10,T,0.96
1789951916.0,47.61872,-122.33857333333331,59.3,549701.8067017394,5274135.866601463,10,T,0.96
1789951917.0,47.61872,-122.33857333333331,59.3,549701.8067017394,5274135.866601463,10,T,0.96
1789951918.0,47.61872,-122.33857333333331,59.3,549701.8067017394,5274135.866601463,10,T,0.96
1789951919.0,47.61872,-122.33857333333331,59.3,549701.8067017394,5274135.866601463,10,T,0.96
1789951920.0,47.61872,-122.33857333333331,59.3,549701.8067017394,5274135.866601463,10,T,0.96
1789951921.0,47.61872,-122.33857333333331,59.3,549701.8067017394,5274135.866601463,10,T,0.96
1789951922.0,47.61872,-122.33857333333331,59.3,549701.8067017394,5274135.866601463,10,T,0.96
1789951923.0,47.61872,-122.33857333333331,59.3,549701.8067017394,5274135.866601463,10,T,0.96
1789951924.0,47.61872,-122.33857333333331,59.3,549701.8067017394,5274135.866601463,10,T,0.96
1789951925.0,47.61872,-122.33857333333331,59.3,549701.8067017394,5274135.866601463,10,T,0.96
1789951926.0,47.61872,-122.33857333333331,59.3,549701.8067017394,5274135.866601463,10,T,0.96
1789951927.0,47.61872,-122.33857333333331,59.3,549701.8067017394,5274135.866601463,10,T,0.96
1789951928.0,47.61872,-122.33857333333331,59.3,549701.8067017394,5274135.866601463,10,T,0.96
1789951929.0,47.61872,-122.33857333333331,59.3,549701.8067017394,5274135.866601463,10,T,0.96
1789951930.0,47.61872,-122.33857333333331,59.3,549701.8067017394,5274135.866601463,10,T,0.96
1789951931.0,47.61872,-122.33857333333331,59.3,549701.8067017394,5274135.866601463,10,T,0.96
1789951932.0,47.61872,-122.33857333333331,59.3,549701.8067017394,5274135.866601463,10,T,0.96
1789951933.0,47.61872,-122.33857333333331,59.3,549701.8067017394,5274135.866601463,10,T,0.96
1789951934.0,47.61872,-122.33857333333331,59.3,549701.8067017394,5274135.866601463,10,T,0.96
1789951935.0,47.61872,-122.33857333333331,59.3,549701.8067017394,5274135.866601463,10,T,0.96
1789951936.0,47.61872,-122.33857333333331,59.3,549701.8067017394,5274135.866601463,10,T,0.96
1789951937.0,47.61872,-122.33857333333331,59.3,549701.8067017394,5274135.866601463,10,T,0.96
1789951938.0,47.61872,-122.33857333333331,59.3,549701.8067017394,5274135.866601463,10,T,0.96
1789951939.0,47.61872,-122.33857333333331,59.3,549701.8067017394,5274135.866601463,10,T,0.96
1789951940.0,47.61872,-122.33857333333331,59.3,549701.8067017394,5274135.866601463,10,T,0.96
1789951941.0,47.61872,-122.33857333333331,59.3,549701.8067017394,5274135.866601463,10,T,0.96
1789951942.0,47.61872,-122.33857333333331,59.3,549701.8067017394,5274135.866601463,10,T,0.96
1789951943.0,47.61872,-122.33857333333331,59.3,549701.8067017394,5274135.866601463,10,T,0.96
1789951944.0,47.61872,-122.33857333333331,59.3,549701.8067017394,5274135.866601463,10,T,0.96
1789951945.0,47.61872,-122.33857333333331,59.3,549701.8067017394,5274135.866601463,10,T,0.96
1789951946.0,47.61872,-122.33857333333331,59.3,549701.8067017394,5274135.866601463,10,T,0.96
1789951947.0,47.61872,-122.33857333333331,59.3,549701.8067017394,5274135.866601463,10,T,0.96
1789951948.0,47.61872,-122.33857333333331,59.3,549701.8067017394,5274135.866601463,10,T,0.96
1789951949.0,47.61872,-122.33857333333331,59.3,549701.8067017394,5274135.866601463,10,T,0.96
1789951950.0,47.61872,-122.33857333333331,59.3,549701.8067017394,5274135.866601463,10,T,0.96
1789951951.0,47.61872,-122.33857333333331,59.3,549701.8067017394,5274135.866601463,10,T,0.96
1789951952.0,47.61872,-122.33857333333331,59.3,549701.8067017394,5274135.866601463,10,T,0.96
1789951953.0,47.61872,-122.33857333333331,59.3,549701.8067017394,5274135.866601463,10,T,0.96
1789951954.0,47.61872,-122.33857333333331,59.3,549701.8067017394,5274135.866601463,10,T,0.96
1789951955.0,47.61872,-122.33857333333331,59.3,549701.8067017394,5274135.866601463,10,T,0.96
1789951956.0,47.61872,-122.33857333333331,59.3,549701.8067017394,5274135.866601463,10,T,0.96
1789951957.0,47.61872,-122.33857333333331,59.3,549701.8067017394,5274135.866601463,10,T,0.96
1789951958.0,47.61872,-122.33857333333331,59.3,549701.8067017394,5274135.866601463,10,T,0.96
1789951959.0,47.61872,-122.33857333333331,59.3,549701.8067017394,5274135.866601463,10,T,0.96
1789951960.0,47.61872,-122.33857333333331,59.3,549701.8067017394,5274135.866601463,10,T,0.96
1789951961.0,47.61872,-122.33857333333331,59.3,549701.8067017394,5274135.866601463,10,T,0.96
1789951962.0,47.61872,-122.33857333333331,59.3,549701.8067017394,5274135.866601463,10,T,0.96
1789951963.0,47.61872,-122.33857333333331,59.3,549701.8067017394,5274135.866601463,10,T,0.96
1789951964.0,47.61872,-122.33857333333331,59.3,549701.8067017394,5274135.866601463,10,T,0.96
1789951965.0,47.61871333333333,-122.33858833333333,58.9,549700.68587438,5274135.116071192,10,T,0.96
1789951966.0,47.61870333333333,-122.33859333333334,58.9,549700.3196363632,5274134.001489667,10,T,0.96
1789951967.0,47.61869333333334,-122.33859833333332,59.0,549699.9533982013,5274132.88690817,10,T,0.96
1789951968.0,47.61867833333334,-122.33860166666666,59.1,549699.7171369202,5274131.217705839,10,T,0.96
1789951969.0,47.61866499999999,-122.33860333333332,59.2,549699.6045345126,5274129.734801071,10,T,0.96
1789951970.0,47.618655000000004,-122.33860333333332,59.3,549699.6140115748,5274128.623423461,10,T,0.96
1789951971.0,47.618649999999995,-122.33860166666666,59.4,549699.7439886659,5274128.068802604,10,T,0.96
1789951972.0,47.61864166666666,-122.33859833333332,59.5,549700.0023633988,5274127.144790504,10,T,0.96
1789951973.0,47.618635,-122.33859333333334,59.6,549700.3843972769,5274126.40707598,10,T,0.96
1789951974.0,47.618625,-122.33858666666666,59.6,549700.8948289627,5274125.299970253,10,T,0.95
1789951975.0,47.61861833333334,-122.33858000000001,59.7,549701.4021017062,5274124.5633237725,10,T,0.96
1789951976.0,47.61861333333333,-122.338575,59.8,549701.7825563474,5274124.010838939,10,T,0.96
1789951977.0,47.618604999999995,-122.338575,59.9,549701.7904542311,5274123.084690939,10,T,0.96
1789951978.0,47.61859833333333,-122.33857333333331,60.1,549701.922011225,5274122.344840534,10,T,0.96
1789951979.0,47.61859333333334,-122.33857000000002,60.2,549702.177227356,5274121.791287735,10,T,0.96
1789951980.0,47.61858833333334,-122.33856833333333,60.4,549702.3072048303,5274121.236666941,10,T,0.95
1789951981.0,47.618583333333326,-122.33856499999999,60.5,549702.5624210481,5274120.683114156,10,T,0.95
1789951982.0,47.61858166666666,-122.33856666666667,60.6,549702.4387619223,5274120.496816546,10,T,0.95
1789951983.0,47.61858166666666,-122.33856666666667,60.8,549702.4387619223,5274120.496816546,10,T,0.96
1789951984.0,47.61859333333334,-122.33856499999999,60.8,549702.5529434474,5274121.794491753,10,T,0.95
1789951985.0,47.61859333333334,-122.33856499999999,60.8,549702.5529434474,5274121.794491753,10,T,0.95
1789951986.0,47.61859333333334,-122.33856499999999,60.8,549702.5529434474,5274121.794491753,10,T,0.95
1789951987.0,47.61859333333334,-122.33856499999999,60.8,549702.5529434474,5274121.794491753,10,T,0.95
1789951988.0,47.61859333333334,-122.33856499999999,60.8,549702.5529434474,5274121.794491753,10,T,0.95
1789951989.0,47.61859333333334,-122.33856499999999,60.8,549702.5529434474,5274121.794491753,10,T,0.95
1789951990.0,47.618583333333326,-122.33855666666665,61.1,549703.1886146524,5274120.688454241,10,T,0.96
1789951991.0,47.618559999999995,-122.33855166666666,61.1,549703.5864456528,5274118.0984439375,10,T,0.96
1789951992.0,47.61853333333333,-122.338535,61.2,549704.8641081455,5274115.14545082,10,T,0.95
1789951993.0,47.61851,-122.33853333333333,61.2,549705.0114624229,5274112.55330452,10,T,0.95
1789951994.0,47.61849,-122.33854333333332,61.3,549704.2789848454,5274110.324141041,10,T,0.95
1789951995.0,47.618469999999995,-122.33855833333334,61.4,549703.1707897114,5274108.091773589,10,T,0.95
1789951996.0,47.61845333333334,-122.33857000000002,61.5,549702.3099126222,5274106.232001554,10,T,0.95
1789951997.0,47.618435,-122.338585,61.6,549701.2001363796,5274104.184864095,10,T,0.95
1789951998.0,47.61843333333333,-122.33859833333332,61.7,549700.1998032979,5274103.991090761,10,T,0.95
1789951999.0,47.61842,-122.33859833333332,61.8,549700.2124394289,5274102.509254007,10,T,0.95
1789952000.0,47.6184,-122.33860333333332,61.9,549699.8556761453,5274100.283295022,10,T,0.95
1789952001.0,47.61837166666666,-122.33861166666665,62.1,549699.2563315724,5274097.129052228,10,T,0.95
1789952002.0,47.61834999999999,-122.33861999999999,62.2,549698.6506684601,5274094.715727883,10,T,0.95
1789952003.0,47.61833166666667,-122.33862833333333,62.4,549698.0418459366,5274092.672862799,10,T,0.95
1789952004.0,47.61830333333334,-122.33864833333334,62.5,549696.5658237766,5274089.51114504,10,T,0.95
1789952005.0,47.618278333333336,-122.33866000000002,62.6,549695.7128385348,5274086.725226117,10,T,0.95
1789952006.0,47.61825999999999,-122.33866833333335,62.8,549695.1040140861,5274084.6823613765,10,T,0.95
1789952007.0,47.61824333333334,-122.33868666666667,63.0,549693.7421726737,5274082.818319362,10,T,0.95
1789952008.0,47.618225,-122.3387,63.1,549692.7576283668,5274080.772251454,10,T,0.95
1789952009.0,47.61821166666667,-122.33871166666668,63.2,549691.8935852513,5274079.282940264,10,T,0.95
1789952010.0,47.61818333333334,-122.33873333333334,63.3,549690.292316541,5274076.120156436,10,T,0.95
1789952011.0,47.61816333333333,-122.33874666666667,63.5,549689.3093489977,5274073.888859563,10,T,0.95
1789952012.0,47.61813833333334,-122.33875166666667,63.6,549688.9573169734,5274071.10721263,10,T,0.95
1789952013.0,47.61812833333333,-122.33876000000001,63.6,549688.3405927916,5274069.990496599,10,T,0.95
1789952014.0,47.618111666666664,-122.33877499999998,63.6,549687.2292253902,5274068.128591585,10,T,0.95
1789952015.0,47.618095,-122.33877333333334,63.7,549687.370256139,5274066.277363413,10,T,0.95
1789952016.0,47.61807333333333,-122.338765,63.8,549688.0169840002,5274063.87471723,10,T,0.95
1789952017.0,47.61804,-122.338715,63.9,549691.805766735,5274060.202157449,10,T,0.95
1789952018.0,47.61800166666667,-122.338675,63.8,549694.8478516063,5274055.967504317,10,T,0.95
1789952019.0,47.61797833333333,-122.33867000000001,64.0,549695.2456826132,5274053.377493706,10,T,0.95
1789952020.0,47.617955,-122.338665,64.2,549695.6435139463,5274050.787483125,10,T,0.95
1789952021.0,47.61793833333333,-122.33865499999999,64.4,549696.410748964,5274048.941594486,10,T,0.95
1789952022.0,47.61790333333333,-122.338625,64.6,549698.6982419003,5274045.070995382,10,T,0.95
1789952023.0,47.617869999999996,-122.33860000000001,64.9,549700.6084370434,5274041.382422875,10,T,0.95
1789952024.0,47.61786,-122.33859499999998,65.1,549700.993635378,5274040.274249297,10,T,0.95
1789952025.0,47.617853333333336,-122.33859333333334,65.4,549701.1251938805,5274039.534398958,10,T,0.95
1789952026.0,47.61781666666668,-122.33856166666668,65.7,549703.5395136512,5274035.479640156,10,T,0.95
1789952027.0,47.61780666666667,-122.33854333333332,65.9,549704.9266375133,5274034.380011069,10,T,1.1
1789952028.0,47.617781666666666,-122.33851833333334,66.2,549706.8289415119,5274031.617588478,10,T,0.95
1789952029.0,47.617755,-122.338495,66.5,549708.6075863454,5274028.668868809,10,T,0.95
1789952030.0,47.61772666666668,-122.33847333333333,66.6,549710.2625719862,5274025.5338519495,10,T,0.95
1789952031.0,47.61772666666668,-122.33847333333333,66.6,549710.2625719862,5274025.5338519495,10,T,0.95
1789952032.0,47.61772666666668,-122.33847333333333,66.6,549710.2625719862,5274025.5338519495,10,T,0.95
1789952033.0,47.617628333333336,-122.33837833333334,67.5,549717.4945169983,5274014.666196886,10,T,0.95
1789952034.0,47.61760833333333,-122.33836666666666,67.7,549718.3901645961,5274012.4509203425,10,T,0.95
1789952035.0,47.61758,-122.33834666666668,68.0,549719.9199188144,5274009.314837902,10,T,0.95
1789952036.0,47.617605000000005,-122.33836833333335,67.9,549718.2680836341,5274012.0793928765,10,T,0.95
1789952037.0,47.61759166666668,-122.33836166666667,68.2,549718.7816883456,5274010.601829685,10,T,0.95
1789952038.0,47.61758833333333,-122.33836333333332,68.4,549718.6596073725,5274010.230302211,10,T,0.95
1789952039.0,47.61758,-122.33836833333335,68.6,549718.2917843012,5274009.300949371,10,T,0.95
1789952040.0,47.61756833333334,-122.33837666666668,68.9,549717.67663889,5274007.999000785,10,T,0.95
1789952041.0,47.61755,-122.33837666666668,69.2,549717.6940191509,5274005.961475562,10,T,0.95
1789952042.0,47.617535,-122.33838166666668,69.6,549717.3325156877,5274004.291204533,10,T,0.99
1789952043.0,47.61752499999999,-122.33838666666666,69.9,549716.966272013,5274003.176622224,10,T,0.95
1789952044.0,47.617516666666674,-122.33838333333333,70.3,549717.2246545429,5274002.252611011,10,T,0.95
1789952045.0,47.617511666666665,-122.33837999999999,70.7,549717.4798771223,5274001.699058936,10,T,0.95
1789952046.0,47.617505,-122.33837666666668,71.0,549717.7366797696,5274000.960277311,10,T,0.95
1789952047.0,47.617501666666676,-122.33835666666667,71.4,549719.2427354553,5274000.602638191,10,T,0.95
1789952048.0,47.61749833333333,-122.33835666666667,71.8,549719.2458955953,5274000.232179061,10,T,1.1
1789952049.0,47.61749499999999,-122.33836000000001,72.2,549718.9985730961,5273999.859583238,10,T,1.1
1789952050.0,47.617491666666666,-122.33836666666666,72.5,549718.5007679118,5273999.484850754,10,T,1.1
1789952051.0,47.61748833333333,-122.33836833333335,72.8,549718.3786866652,5273999.113323294,10,T,1.1
1789952052.0,47.61748333333333,-122.33836833333335,73.1,549718.3834267905,5273998.557634604,10,T,0.95
1789952053.0,47.61748166666666,-122.33837166666666,73.5,549718.1345241313,5273998.370268383,10,T,0.95
1789952054.0,47.61747833333334,-122.33837666666668,73.8,549717.7619601216,5273997.996604291,10,T,0.95
1789952055.0,47.61747333333333,-122.33837999999999,74.1,549717.5162174457,5273997.43877897,10,T,0.95
1789952056.0,47.617466666666665,-122.33838499999999,74.4,549717.1468133371,5273996.694655792,10,T,0.95
1789952057.0,47.617458333333325,-122.33838333333333,74.6,549717.279954752,5273995.769576284,10,T,0.95
1789952058.0,47.61745166666666,-122.33838499999999,74.9,549717.1610333485,5273995.027589728,10,T,0.95
1789952059.0,47.617448333333336,-122.33838499999999,75.2,549717.1641933506,5273994.657130604,10,T,0.95
1789952060.0,47.617446666666666,-122.33839166666667,75.5,549716.6648076116,5273994.467627844,10,T,0.95
1789952061.0,47.61744333333333,-122.33839666666667,75.8,549716.2922432537,5273994.09396385,10,T,0.95
1789952062.0,47.61744333333333,-122.33840333333335,76.1,549715.7912774817,5273994.089690728,10,T,0.95
1789952063.0,47.61744333333333,-122.33840666666669,76.3,549715.5407945957,5273994.087554184,10,T,0.95
1789952064.0,47.61744333333333,-122.33841333333334,76.6,549715.0398288256,5273994.083281127,10,T,0.95
1789952065.0,47.61744166666667,-122.33842000000001,76.9,549714.5404429708,5273993.893778551,10,T,0.95
1789952066.0,47.61744166666667,-122.33842833333334,77.2,549713.9142357366,5273993.888437345,10,T,0.95
1789952067.0,47.61742833333333,-122.33842666666666,77.4,549714.0521163938,5273992.407669084,10,T,0.95
1789952068.0,47.617425000000004,-122.33843,77.7,549713.804793222,5273992.035073492,10,T,0.95
1789952069.0,47.617419999999996,-122.33843333333334,77.9,549713.5590499031,5273991.477248347,10,T,0.95
1789952070.0,47.61740833333333,-122.33844166666668,78.3,549712.9439014617,5273990.175300318,10,T,0.95
1789952071.0,47.61740666666666,-122.338445,78.3,549712.6949982669,5273989.987934335,10,T,0.95
1789952072.0,47.61740666666666,-122.338445,78.3,549712.6949982669,5273989.987934335,10,T,0.95
1789952073.0,47.61740666666666,-122.338445,78.3,549712.6949982669,5273989.987934335,10,T,0.95
1789952074.0,47.617381666666674,-122.33846333333334,78.7,549711.3410386203,5273987.197740801,10,T,0.95
1789952075.0,47.617378333333335,-122.33846333333334,78.9,549711.3441982446,5273986.827281679,10,T,0.95
1789952076.0,47.61737,-122.33846166666666,79.1,549711.4773389221,5273985.902202059,10,T,0.95
1789952077.0,47.61734666666666,-122.33843666666668,79.2,549713.3780814471,5273983.325011241,10,T,0.95
1789952078.0,47.61733833333333,-122.33843499999999,79.5,549713.5112225165,5273982.399931667,10,T,0.95
1789952079.0,47.61732833333334,-122.33843833333334,79.7,549713.270218351,5273981.286417872,10,T,0.95
1789952080.0,47.61731499999999,-122.33843499999999,79.9,549713.5333408153,5273979.806717847,10,T,0.95
1789952081.0,47.617309999999996,-122.33843166666665,80.1,549713.7885639727,5273979.253165625,10,T,0.95
1789952082.0,47.61730833333333,-122.33842000000001,80.1,549714.666836214,5273979.07541374,10,T,0.95
1789952083.0,47.61730833333333,-122.33842000000001,80.1,549714.666836214,5273979.07541374,10,T,0.95
1789952084.0,47.61730833333333,-122.33842000000001,80.1,549714.666836214,5273979.07541374,10,T,0.95
1789952085.0,47.61730833333333,-122.33842000000001,80.1,549714.666836214,5273979.07541374,10,T,0.95
1789952086.0,47.61730833333333,-122.33842000000001,80.1,549714.666836214,5273979.07541374,10,T,0.95
1789952087.0,47.61730833333333,-122.33842000000001,80.1,549714.666836214,5273979.07541374,10,T,0.95
1789952088.0,47.61730833333333,-122.33842000000001,80.1,549714.666836214,5273979.07541374,10,T,0.95
1789952089.0,47.61730833333333,-122.33842000000001,80.1,549714.666836214,5273979.07541374,10,T,0.95
1789952090.0,47.61730833333333,-122.33842000000001,80.1,549714.666836214,5273979.07541374,10,T,0.95
1789952091.0,47.61730833333333,-122.33842000000001,80.1,549714.666836214,5273979.07541374,10,T,0.96
1789952092.0,47.61730833333333,-122.33842000000001,80.1,549714.666836214,5273979.07541374,10,T,0.96
1789952093.0,47.61729999999999,-122.33844833333333,80.5,549712.5456254341,5273978.131106116,10,T,0.95
1789952094.0,47.617295,-122.33846166666666,80.5,549711.5484305947,5273977.566871906,10,T,0.95
1789952095.0,47.617286666666665,-122.33846833333334,80.6,549711.055362395,5273976.636451416,10,T,0.95
1789952096.0,47.61728166666667,-122.33847499999999,80.6,549710.5591344733,5273976.076490083,10,T,0.95
1789952097.0,47.617278333333324,-122.33848666666667,80.7,549709.6856011773,5273975.698553914,10,T,0.95
1789952098.0,47.61726999999999,-122.33849833333333,80.7,549708.8168069469,5273974.764929208,10,T,0.96
1789952099.0,47.61726333333333,-122.33851166666666,80.7,549707.8211908666,5273974.015466089,10,T,0.95
1789952100.0,47.61726166666667,-122.33852833333334,80.8,549706.5703517891,5273973.819555662,10,T,0.95
1789952101.0,47.61725833333333,-122.33854166666667,80.8,549705.5715760179,5273973.440552044,10,T,0.96
1789952102.0,47.617219999999996,-122.33853666666667,80.8,549705.9836332437,5273969.18347642,10,T,0.95
1789952103.0,47.61720999999999,-122.33854833333335,80.8,549705.1164170358,5273968.06462273,10,T,0.96
1789952104.0,47.61720666666667,-122.33855833333334,80.9,549704.368124196,5273967.687755419,10,T,0.95
1789952105.0,47.617188333333324,-122.33857333333331,80.9,549703.2583211166,5273965.640618193,10,T,0.95
1789952106.0,47.61716166666667,-122.33858166666666,80.9,549702.6573832432,5273962.671605353,10,T,0.96
1789952107.0,47.617143333333324,-122.33862333333333,80.9,549699.5437040114,5273960.607381404,10,T,0.96
1789952108.0,47.617135000000005,-122.33863500000001,81.0,549698.6749058708,5273959.67375826,10,T,0.96
1789952109.0,47.617125,-122.33864666666665,81.0,549697.807686824,5273958.554905695,10,T,0.96
1789952110.0,47.61711666666667,-122.33866166666667,81.1,549696.6884036482,5273957.619147092,10,T,0.96
1789952111.0,47.61710166666667,-122.33871666666667,81.1,549692.5696230716,5273955.916843242,10,T,0.96
1789952112.0,47.61709166666666,-122.33875333333332,81.2,549689.8237680354,5273954.7819756325,10,T,0.96
1789952113.0,47.61708,-122.33877499999998,81.2,549688.2066717728,5273953.471488756,10,T,0.96
1789952114.0,47.61706666666667,-122.33881500000001,81.3,549685.2134880119,5273951.964028891,10,T,0.96
1789952115.0,47.617053333333324,-122.33883333333333,81.4,549683.8484535989,5273950.470448915,10,T,0.96
1789952116.0,47.617045000000005,-122.338855,81.4,549682.2281970632,5273949.5304228235,10,T,0.96
1789952117.0,47.617038333333326,-122.33887666666666,81.6,549680.606361192,5273948.775626735,10,T,0.96
1789952118.0,47.617035,-122.33888999999999,81.7,549679.6075794721,5273948.396627625,10,T,0.96
1789952119.0,47.61703666666667,-122.33890000000001,81.8,549678.8545461957,5273948.575452281,10,T,0.96
1789952120.0,47.61703666666667,-122.33890833333335,81.9,549678.2283341179,5273948.570114942,10,T,0.96
1789952121.0,47.61703333333333,-122.33891833333334,82.0,549677.480037061,5273948.1932511255,10,T,0.96
1789952122.0,47.617035,-122.33892499999999,82.1,549676.9774886688,5273948.374210919,10,T,0.96
1789952123.0,47.617038333333326,-122.338935,82.3,549676.2228767984,5273948.738265464,10,T,0.96
1789952124.0,47.61702666666667,-122.33894333333335,82.5,549675.6077153408,5273947.436321555,10,T,0.96
1789952125.0,47.61702666666667,-122.33895666666668,82.6,549674.605775828,5273947.427782406,10,T,0.96
1789952126.0,47.61702833333334,-122.33896333333333,82.7,549674.1032274634,5273947.608742447,10,T,0.96
1789952127.0,47.617020000000004,-122.338945,83.0,549675.4887875135,5273946.694335949,10,T,0.96
1789952128.0,47.61701333333334,-122.33892833333333,83.2,549676.7475268336,5273945.964091899,10,T,0.96
1789952129.0,47.61701,-122.33891,83.4,549678.128351487,5273945.605374676,10,T,0.96
1789952130.0,47.616993333333326,-122.33881666666666,83.8,549685.1577198857,5273943.812861063,10,T,0.96
1789952131.0,47.61698500000001,-122.33875000000002,83.9,549690.1753162071,5273942.929419834,10,T,0.96
1789952132.0,47.61698500000001,-122.33875000000002,83.9,549690.1753162071,5273942.929419834,10,T,0.96
1789952133.0,47.61698500000001,-122.33875000000002,83.9,549690.1753162071,5273942.929419834,10,T,0.96
1789952134.0,47.61698500000001,-122.33875000000002,83.9,549690.1753162071,5273942.929419834,10,T,0.96
1789952135.0,47.61700333333333,-122.33854833333335,84.3,549705.3122877111,5273945.0961582875,10,T,0.96
1789952136.0,47.617045000000005,-122.33848666666667,84.3,549709.9067663027,5273949.766416423,10,T,0.96
1789952137.0,47.61707,-122.33840833333333,84.3,549715.7694598018,5273952.595065305,10,T,0.96
1789952138.0,47.617086666666665,-122.33837999999999,84.3,549717.8827794538,5273954.465521758,10,T,0.96
1789952139.0,47.61707666666666,-122.33834999999999,84.4,549720.1466212064,5273953.373374539,10,T,0.96
1789952140.0,47.61707333333334,-122.33833333333332,84.4,549721.4022046198,5273953.013599197,10,T,0.96
1789952141.0,47.61707333333334,-122.33833333333332,84.4,549721.4022046198,5273953.013599197,10,T,0.96
1789952142.0,47.617125,-122.33828166666666,84.8,549725.2357293266,5273958.788836633,10,T,0.96
1789952143.0,47.61712166666666,-122.33826333333333,84.9,549726.6165541249,5273958.43013089,10,T,0.96
1789952144.0,47.617115,-122.33824333333332,85.0,549728.1257819772,5273957.702034904,10,T,0.96
1789952145.0,47.617115,-122.33823166666667,85.0,549729.0024775617,5273957.709514711,10,T,0.96
1789952146.0,47.617110000000004,-122.338225,85.1,549729.5081875924,5273957.158100293,10,T,0.96
1789952147.0,47.617095,-122.33822,85.3,549729.8981377839,5273955.494240041,10,T,0.96
1789952148.0,47.61708,-122.33819666666668,85.4,549731.6657535989,5273953.842134365,10,T,0.96
1789952149.0,47.617065000000004,-122.33817499999999,85.5,549733.3081280678,5273952.188960575,10,T,0.96
1789952150.0,47.617038333333326,-122.33814833333332,85.6,549735.337294498,5273949.242386454,10,T,0.96
1789952151.0,47.61703000000001,-122.33812833333334,85.7,549736.8481064271,5273948.329063165,10,T,0.96
1789952152.0,47.617038333333326,-122.33811833333333,85.8,549737.5916578675,5273949.261623276,10,T,0.96
1789952153.0,47.61702833333334,-122.33809666666666,86.0,549739.2292932653,5273948.164139792,10,T,0.96
1789952154.0,47.617038333333326,-122.33808666666667,86.1,549739.9712636463,5273949.2819297565,10,T,0.96
1789952155.0,47.61703166666666,-122.33807166666665,86.2,549741.1047682861,5273948.550630763,10,T,0.96
1789952156.0,47.61701500000001,-122.33805833333332,86.4,549742.1225153909,5273946.70688587,10,T,0.96
1789952157.0,47.61701333333334,-122.33804833333333,86.5,549742.8755509739,5273946.528069371,10,T,0.96
1789952158.0,47.61701333333334,-122.33804833333333,86.5,549742.8755509739,5273946.528069371,10,T,0.96
1789952159.0,47.61698833333333,-122.33801666666668,86.7,549745.2788709234,5273943.7699347995,10,T,0.96
1789952160.0,47.61698166666667,-122.33800166666667,86.8,549746.4123772982,5273943.038636832,10,T,0.96
1789952161.0,47.61698,-122.33800000000001,86.9,549746.5392007525,5273942.8544762125,10,T,0.96
1789952162.0,47.61697833333333,-122.33800000000001,87.1,549746.5407816609,5273942.669246664,10,T,0.96
1789952163.0,47.61697833333333,-122.33800000000001,87.1,549746.5407816609,5273942.669246664,10,T,0.96
1789952164.0,47.61697833333333,-122.33800000000001,87.1,549746.5407816609,5273942.669246664,10,T,0.96
1789952165.0,47.61697833333333,-122.33800000000001,87.1,549746.5407816609,5273942.669246664,10,T,0.96
1789952166.0,47.61697833333333,-122.33800000000001,87.1,549746.5407816609,5273942.669246664,10,T,0.96
1789952167.0,47.61697833333333,-122.33800000000001,87.1,549746.5407816609,5273942.669246664,10,T,0.96
1789952168.0,47.61697833333333,-122.33800000000001,87.1,549746.5407816609,5273942.669246664,10,T,0.96
1789952169.0,47.616945,-122.33799666666667,88.0,549746.8228850873,5273938.966793616,10,T,0.96
1789952170.0,47.616928333333334,-122.33799333333333,88.2,549747.0891795857,5273937.1166360425,10,T,0.96
1789952171.0,47.616906666666665,-122.33800333333332,88.4,549746.3582752425,5273934.702238385,10,T,0.96
1789952172.0,47.61688833333333,-122.33801333333334,88.7,549745.6242085205,5273932.658299918,10,T,0.96
1789952173.0,47.61687,-122.33801999999999,89.0,549745.1406268927,5273930.616499342,10,T,0.96
1789952174.0,47.61684833333334,-122.33802666666666,89.2,549744.6602065904,5273928.204239731,10,T,0.96
1789952175.0,47.616826666666675,-122.338035,89.5,549744.0545429512,5273925.790911298,10,T,0.96
1789952176.0,47.61680500000001,-122.33804166666665,89.9,549743.5741217567,5273923.3786518,10,T,0.96
1789952177.0,47.61678333333332,-122.33806000000001,90.2,549742.216999011,5273920.958910463,10,T,0.96
1789952178.0,47.616748333333334,-122.33808333333333,90.3,549740.4967915418,5273917.054126756,10,T,0.96
1789952179.0,47.61671333333334,-122.33811166666668,90.5,549738.4008521525,5273913.14613734,10,T,0.96
1789952180.0,47.61668833333333,-122.33813833333333,90.7,549736.4206697498,5273910.3505946435,10,T,0.96
1789952181.0,47.61666666666667,-122.33815833333334,90.9,549734.9382976006,5273907.929786393,10,T,0.96
1789952182.0,47.616633333333326,-122.33816999999999,91.1,549734.0932044054,5273904.217715025,10,T,0.96
1789952183.0,47.61661000000001,-122.33819333333334,91.3,549732.3619232575,5273901.609540634,10,T,0.96
1789952184.0,47.616575,-122.33820833333333,91.5,549731.2679207878,5273897.710102968,10,T,0.96
1789952185.0,47.616548333333334,-122.33823,91.7,549729.6650406556,5273894.732538954,10,T,0.96
1789952186.0,47.61653333333334,-122.33825333333334,92.0,549727.9258531671,5273893.050513612,10,T,0.96
1789952187.0,47.61650666666666,-122.338285,92.2,549725.5715079252,5273890.066539696,10,T,0.96
1789952188.0,47.61648666666667,-122.33831166666666,92.5,549723.586570876,5273887.826690154,10,T,0.96
1789952189.0,47.616465,-122.33833166666666,92.8,549722.1041874941,5273885.40588533,10,T,0.96
1789952190.0,47.61643833333333,-122.33834333333334,93.2,549721.252762242,5273882.434734152,10,T,0.96
1789952191.0,47.61641833333333,-122.33835333333333,93.5,549720.5202597936,5273880.205569595,10,T,0.96
1789952192.0,47.61638833333333,-122.33844166666668,94.1,549713.9107706837,5273876.814818817,10,T,0.96
1789952193.0,47.61637,-122.33845500000001,94.4,549712.9261968567,5273874.768748359,10,T,1.21
1789952194.0,47.61635166666667,-122.33846999999999,94.8,549711.8163782764,5273872.721609904,10,T,1.21
1789952195.0,47.616325,-122.33848000000002,95.2,549711.0901899065,5273869.751528494,10,T,1.21
1789952196.0,47.61629666666666,-122.33853666666667,95.7,549706.8587434021,5273866.566310832,10,T,1.21
1789952197.0,47.616286666666674,-122.33861499999999,96.2,549700.9817433942,5273865.404737664,10,T,1.21
1789952198.0,47.616274999999995,-122.33867166666666,96.7,549696.7344954042,5273864.071822677,10,T,1.21
1789952199.0,47.61624333333332,-122.33867000000001,97.0,549696.889746149,5273860.553529546,10,T,1.21
1789952200.0,47.616216666666666,-122.33867166666666,97.4,549696.7897704064,5273857.58878931,10,T,1.21
1789952201.0,47.616188333333334,-122.33871666666667,97.9,549693.4350183461,5273854.411056554,10,T,1.21
1789952202.0,47.616188333333334,-122.33879166666665,98.5,549687.7990185075,5273854.3630094845,10,T,1.21
1789952203.0,47.616171666666666,-122.33880333333333,98.8,549686.9380971169,5273852.503240755,10,T,1.21
1789952204.0,47.616151666666674,-122.33880666666667,99.2,549686.7065556897,5273850.278351223,10,T,1.21
1789952205.0,47.616125,-122.33880666666667,99.6,549686.7318190598,5273847.314678872,10,T,1.21
1789952206.0,47.61609,-122.33879666666665,100.1,549687.5164452727,5273843.431264751,10,T,1.21
1789952207.0,47.61607000000001,-122.33881166666667,100.5,549686.4081905541,5273841.198901824,10,T,1.21
1789952208.0,47.616045,-122.33880666666667,100.9,549686.8076091051,5273838.423661907,10,T,1.21
1789952209.0,47.61601833333334,-122.33879666666665,101.4,549687.5843415149,5273835.466395434,10,T,1.21
1789952210.0,47.61596333333333,-122.33875833333335,101.9,549690.5170823779,5273829.37837791,10,T,1.21
1789952211.0,47.61589833333334,-122.33870833333334,102.4,549694.3360201406,5273822.186459241,10,T,1.21
1789952212.0,47.61583833333334,-122.33868499999998,102.9,549696.1463048058,5273815.533146074,10,T,1.21
1789952213.0,47.61579666666667,-122.33866166666667,103.4,549697.9392211456,5273810.917358115,10,T,1.21
1789952214.0,47.615779999999994,-122.33865833333333,103.9,549698.2055049579,5273809.067198747,10,T,1.32
1789952215.0,47.61575833333333,-122.33864833333334,104.4,549698.9775087341,5273806.665622383,10,T,1.31
1789952216.0,47.61572666666666,-122.33862833333333,104.9,549700.5104624977,5273803.159076536,10,T,1.21
1789952217.0,47.61570166666667,-122.33860000000001,105.5,549702.6633283821,5273800.398788908,10,T,1.31
1789952218.0,47.61566833333333,-122.33856333333333,106.2,549705.4503222494,5273796.71769462,10,T,1.21
1789952219.0,47.61564166666667,-122.338535,106.9,549707.6047724007,5273793.772179305,10,T,1.31
1789952220.0,47.61561333333334,-122.33850166666667,107.6,549710.1365418113,5273790.644639636,10,T,1.31
1789952221.0,47.61558166666667,-122.33846833333334,108.4,549712.6714734238,5273787.146642057,10,T,1.31
1789952222.0,47.61556666666667,-122.33845166666667,109.2,549713.9381504612,5273785.490258431,10,T,1.31
1789952223.0,47.61555666666666,-122.33844166666668,109.9,549714.6991049155,5273784.385290683,10,T,1.31
1789952224.0,47.615525,-122.33841666666667,110.6,549716.6078118077,5273780.881953751,10,T,1.21
1789952225.0,47.615505,-122.33840166666666,111.4,549717.753984971,5273778.668814194,10,T,1.31
1789952226.0,47.61546166666667,-122.33836500000001,112.1,549720.5504785208,5273773.876350113,10,T,1.31
1789952227.0,47.615505,-122.33840833333333,113.4,549717.2530006821,5273778.664541079,10,T,1.31
1789952228.0,47.61549333333334,-122.33840166666666,114.1,549717.7650443522,5273777.372207695,10,T,1.31
1789952229.0,47.61548,-122.33839166666667,114.9,549718.5291604319,5273775.896781449,10,T,1.21
1789952230.0,47.61545666666666,-122.33837666666668,115.7,549719.6784952052,5273773.313183277,10,T,1.21
1789952231.0,47.61543666666667,-122.33836166666667,116.4,549720.82467096,5273771.1000443315,10,T,1.21
1789952232.0,47.61542666666666,-122.33836166666667,117.2,549720.8341509925,5273769.988667345,10,T,1.21
1789952233.0,47.615406666666665,-122.33834666666668,118.0,549721.9803278144,5273767.775528628,10,T,1.21
1789952234.0,47.61540166666667,-122.33834333333334,118.7,549722.2355605736,5273767.22197689,10,T,1.21
1789952235.0,47.615404999999996,-122.33834,119.5,549722.4828930985,5273767.594572646,10,T,1.21
1789952236.0,47.61538,-122.33831166666666,120.3,549724.6357822375,5273764.8342931215,10,T,1.21
1789952237.0,47.61536666666666,-122.33830000000002,121.0,549725.5251480379,5273763.35993623,10,T,1.21
1789952238.0,47.61534833333334,-122.338285,121.8,549726.6697477107,5273761.332027934,10,T,1.21
1789952239.0,47.61534166666667,-122.33828,122.6,549727.0518078429,5273760.594315386,10,T,1.21
1789952240.0,47.615318333333335,-122.33826166666668,123.3,549728.451642303,5273758.012855923,10,T,1.21
1789952241.0,47.615305000000006,-122.33825499999999,124.0,549728.9652704325,5273756.535294042,10,T,1.21
1789952242.0,47.615305000000006,-122.33825833333334,124.8,549728.7147773316,5273756.533157003,10,T,1.21
1789952243.0,47.61530666666666,-122.33825333333334,125.5,549729.08893672,5273756.721592057,10,T,1.21
1789952244.0,47.61530166666667,-122.33824666666666,126.3,549729.5946637326,5273756.170177696,10,T,1.21
1789952245.0,47.61529333333333,-122.33824000000001,127.1,549730.1035514233,5273755.248304393,10,T,1.21
1789952246.0,47.61528499999999,-122.33823166666667,127.8,549730.7376858703,5273754.327499692,10,T,1.21
1789952247.0,47.615271666666665,-122.33823,128.5,549730.8755749962,5273752.846732315,10,T,1.21
1789952248.0,47.615260000000006,-122.33822333333335,129.0,549731.3876238314,5273751.554400142,10,T,1.21
1789952249.0,47.615273333333334,-122.33824000000001,129.7,549730.1225149299,5273753.025550484,10,T,0.96
1789952250.0,47.615273333333334,-122.33824000000001,129.7,549730.1225149299,5273753.025550484,10,T,0.96
